{
  "project_info": {
    "project_number": "846510883264",
    "firebase_url": "https://delivery-ab1be.firebaseio.com",
    "project_id": "delivery-ab1be",
    "storage_bucket": "delivery-ab1be.appspot.com"
  },
  "client": [
    {
      "client_info": {
        "mobilesdk_app_id": "1:846510883264:android:a801a33bb993032fc0c825",
        "android_client_info": {
          "package_name": "com.trteam.delivery"
        }
      },
      "oauth_client": [
        {
          "client_id": "846510883264-584b65ug7vj0hk6afgr1rh51f1tm8g9s.apps.googleusercontent.com",
          "client_type": 1,
          "android_info": {
            "package_name": "com.trteam.delivery",
            "certificate_hash": "36f3c7bec8f7863f57dfdde8d9eb8c3caf1cd0f7"
          }
        },
        {
          "client_id": "846510883264-1tb3g5c2b1685aql002h3u2hprsvt73n.apps.googleusercontent.com",
          "client_type": 1,
          "android_info": {
            "package_name": "com.trteam.delivery",
            "certificate_hash": "6ffa674d9fba1e057fc47a0f451c5c1204a5b5ae"
          }
        },
        {
          "client_id": "846510883264-0a7mfomji20gutbnuhb3oedb3qmbt8uq.apps.googleusercontent.com",
          "client_type": 3
        }
      ],
      "api_key": [
        {
          "current_key": "AIzaSyBDoN-NuC58mDZ1qBOGHYgxbIjoq-IThNs"
        }
      ],
      "services": {
        "appinvite_service": {
          "other_platform_oauth_client": [
            {
              "client_id": "846510883264-0a7mfomji20gutbnuhb3oedb3qmbt8uq.apps.googleusercontent.com",
              "client_type": 3
            }
          ]
        }
      }
    }
  ],
  "configuration_version": "1"
}